IT Support Technician,Ringside Talent,"Columbus, Ohio Metropolitan Area",2025-01-22,https://www.linkedin.com/jobs/view/it-support-technician-at-ringside-talent-4132305038?position=1&pageNum=0&refId=f2TKEzU1DAfr%2FRwWAxLliQ%3D%3D&trackingId=HEBy8PEjDHGOdBktASkBqA%3D%3D
Remote Help Desk Support,Joblink United,United States,2025-01-22,https://www.linkedin.com/jobs/view/remote-help-desk-support-at-joblink-united-4131398718?position=3&pageNum=0&refId=f2TKEzU1DAfr%2FRwWAxLliQ%3D%3D&trackingId=78v9IwXc0io9r1FHVGNlJQ%3D%3D
Help Desk Support Specialist,CornerStone Technology Talent Services,"Alpharetta, GA",2025-01-22,https://www.linkedin.com/jobs/view/help-desk-support-specialist-at-cornerstone-technology-talent-services-4131654277?position=4&pageNum=0&refId=vFC19g51CnPp0hp0jL%2Fokw%3D%3D&trackingId=k3LiZMjwkmEdeynfw7ca6Q%3D%3D
Remote Front Desk Receptionist,Events By Elev8,United States,2025-01-22,https://www.linkedin.com/jobs/view/remote-front-desk-receptionist-at-events-by-elev8-4132227816?position=5&pageNum=0&refId=vFC19g51CnPp0hp0jL%2Fokw%3D%3D&trackingId=DgXQ0C1VcGROTwYR8SY0fw%3D%3D
IT Help Desk Specialist,Worksighted,"Holland, MI",2025-01-22,https://www.linkedin.com/jobs/view/it-help-desk-specialist-at-worksighted-4131921531?position=6&pageNum=0&refId=vFC19g51CnPp0hp0jL%2Fokw%3D%3D&trackingId=U%2B04zF1d1ldMPmDBVrPOqw%3D%3D
Administrative Assistant/Receptionist - WFH,Events By Elev8,"New York, NY",2025-01-22,https://www.linkedin.com/jobs/view/administrative-assistant-receptionist-wfh-at-events-by-elev8-4132228616?position=7&pageNum=0&refId=vFC19g51CnPp0hp0jL%2Fokw%3D%3D&trackingId=%2BYfYKRSHrvYNp54JRrCO5g%3D%3D
Help Desk Tier 2,Maximus,United States,2025-01-22,https://www.linkedin.com/jobs/view/help-desk-tier-2-at-maximus-4131798793?position=9&pageNum=0&refId=vFC19g51CnPp0hp0jL%2Fokw%3D%3D&trackingId=syscgydqb9%2FBgpVjY8dSxw%3D%3D
"System Administrator, IT","TG Therapeutics, Inc.",United States,2025-01-22,https://www.linkedin.com/jobs/view/system-administrator-it-at-tg-therapeutics-inc-4130151629?position=10&pageNum=0&refId=vFC19g51CnPp0hp0jL%2Fokw%3D%3D&trackingId=2871Hxo1%2BtSoR3n%2BwU4grA%3D%3D
Help Desk Specialist,Swooped,United States,2025-01-22,https://www.linkedin.com/jobs/view/help-desk-specialist-at-swooped-4132374345?position=11&pageNum=0&refId=vFC19g51CnPp0hp0jL%2Fokw%3D%3D&trackingId=5ywaTZyAcBDmwlgSIlt9%2BA%3D%3D
Virtual Front Desk Receptionist,Events By Elev8,"Chicago, IL",2025-01-22,https://www.linkedin.com/jobs/view/virtual-front-desk-receptionist-at-events-by-elev8-4132229559?position=12&pageNum=0&refId=vFC19g51CnPp0hp0jL%2Fokw%3D%3D&trackingId=RYNQGewM2YpFYeUa3d7DSw%3D%3D
Device Support Specialist,Modivcare,United States,2025-01-22,https://www.linkedin.com/jobs/view/device-support-specialist-at-modivcare-4131648585?position=13&pageNum=0&refId=vFC19g51CnPp0hp0jL%2Fokw%3D%3D&trackingId=4m4g7JD5splYF6O6AZUsyg%3D%3D
Executive Assistant,ServiceNow,"San Diego, CA",2025-01-22,https://www.linkedin.com/jobs/view/executive-assistant-at-servicenow-4130609901?position=14&pageNum=0&refId=vFC19g51CnPp0hp0jL%2Fokw%3D%3D&trackingId=vxXybaYMbtBMVBvr1RfxmA%3D%3D
Helpdesk Technician,Parallax Advanced Research,"Brook Park, OH",2025-01-22,https://www.linkedin.com/jobs/view/helpdesk-technician-at-parallax-advanced-research-4130643179?position=15&pageNum=0&refId=vFC19g51CnPp0hp0jL%2Fokw%3D%3D&trackingId=CclePrqoVm4av3YYtuN%2BrA%3D%3D
Medical Billing Specialist,TekWissen Â®,"Detroit, MI",2025-01-22,https://www.linkedin.com/jobs/view/medical-billing-specialist-at-tekwissen-%C2%AE-4132113990?position=17&pageNum=0&refId=vFC19g51CnPp0hp0jL%2Fokw%3D%3D&trackingId=gYXTX9pxjx0G1kL0%2FxseNg%3D%3D
Inbound Contacts Representative - Remote,Conviva Senior Primary Care,"Colorado, United States",2025-01-22,https://www.linkedin.com/jobs/view/inbound-contacts-representative-remote-at-conviva-senior-primary-care-4129692167?position=18&pageNum=0&refId=vFC19g51CnPp0hp0jL%2Fokw%3D%3D&trackingId=q6%2BYLSerSduYTKYgiJNAEw%3D%3D
Administrative Coordinator,Jobs via Dice,"Detroit, MI",2025-01-22,https://www.linkedin.com/jobs/view/administrative-coordinator-at-jobs-via-dice-4131677664?position=26&pageNum=0&refId=vFC19g51CnPp0hp0jL%2Fokw%3D%3D&trackingId=KkGyem7rAceZYpUXN7qbRQ%3D%3D
ServiceNow Help Desk Administrator (Secret Clearance Required),NetImpact Strategies Inc.,United States,2025-01-22,https://www.linkedin.com/jobs/view/servicenow-help-desk-administrator-secret-clearance-required-at-netimpact-strategies-inc-4130643064?position=27&pageNum=0&refId=vFC19g51CnPp0hp0jL%2Fokw%3D%3D&trackingId=BfJxX%2FVBp8Js7U4%2FNG5JDw%3D%3D
Senior Information Technology Specialist,Choice IT Services,"Cleveland, OH",2025-01-22,https://www.linkedin.com/jobs/view/senior-information-technology-specialist-at-choice-it-services-4132336598?position=28&pageNum=0&refId=vFC19g51CnPp0hp0jL%2Fokw%3D%3D&trackingId=iCIsUkvmXHsLFAR8%2FE7l7Q%3D%3D
Helpdesk Engineer,Jobs via Dice,"Golden, CO",2025-01-22,https://www.linkedin.com/jobs/view/helpdesk-engineer-at-jobs-via-dice-4131681382?position=29&pageNum=0&refId=vFC19g51CnPp0hp0jL%2Fokw%3D%3D&trackingId=ipImCH98IC%2BjqfbVr%2BNw9Q%3D%3D
Early Childhood Communications Specialist/Communications Specialist 3,State of Minnesota,"St Paul, MN",2025-01-22,https://www.linkedin.com/jobs/view/early-childhood-communications-specialist-communications-specialist-3-at-state-of-minnesota-4131739291?position=34&pageNum=0&refId=vFC19g51CnPp0hp0jL%2Fokw%3D%3D&trackingId=9ok8bVG14fulMmAK6g6pRQ%3D%3D
Operations Analyst - Managed Services - Backup & Recovery,CDW,United States,2025-01-22,https://www.linkedin.com/jobs/view/operations-analyst-managed-services-backup-recovery-at-cdw-4099383779?position=35&pageNum=0&refId=vFC19g51CnPp0hp0jL%2Fokw%3D%3D&trackingId=fZKDvHXdGL5fSfEjqBeJ6w%3D%3D
Sales Representative,"Vista Capital Solutions, LLC",United States,2025-01-22,https://www.linkedin.com/jobs/view/sales-representative-at-vista-capital-solutions-llc-4131490939?position=36&pageNum=0&refId=vFC19g51CnPp0hp0jL%2Fokw%3D%3D&trackingId=siG5bNpillhjoJwhx5TUnQ%3D%3D
Sr. Consultant - Digital Asset Management (AEM Assets),EMMsphere,United States,2025-01-22,https://www.linkedin.com/jobs/view/sr-consultant-digital-asset-management-aem-assets-at-emmsphere-4131022610?position=38&pageNum=0&refId=vFC19g51CnPp0hp0jL%2Fokw%3D%3D&trackingId=R%2BoVvmOxSK82l3smtN6tUA%3D%3D
Strategic Product Lead (Remote),Inspira Financial,"Oak Brook, IL",2025-01-22,https://www.linkedin.com/jobs/view/strategic-product-lead-remote-at-inspira-financial-4106941589?position=39&pageNum=0&refId=vFC19g51CnPp0hp0jL%2Fokw%3D%3D&trackingId=4B5abUxPrCZLqGIdcPBHQg%3D%3D
Head of Deals Desk & Pricing Strategy,DoiT,"Oregon, United States",2025-01-22,https://www.linkedin.com/jobs/view/head-of-deals-desk-pricing-strategy-at-doit-4111073485?position=40&pageNum=0&refId=vFC19g51CnPp0hp0jL%2Fokw%3D%3D&trackingId=5b%2Bx3L1msyk7owSBZWpxIQ%3D%3D
Subscription Marketing Manager,Spiceworks,United States,2025-01-22,https://www.linkedin.com/jobs/view/subscription-marketing-manager-at-spiceworks-4128279411?position=41&pageNum=0&refId=vFC19g51CnPp0hp0jL%2Fokw%3D%3D&trackingId=4hWlBb36BV6uqtWY6KlWNw%3D%3D
"Manager, Financial Applications",Conservation International,"Arlington, VA",2025-01-22,https://www.linkedin.com/jobs/view/manager-financial-applications-at-conservation-international-3939837258?position=43&pageNum=0&refId=vFC19g51CnPp0hp0jL%2Fokw%3D%3D&trackingId=7DEKOa6jl4HW7CTCbYsj8w%3D%3D
Continuous Improvement Analyst - Management Analyst 4,Minnesota Department of Human Services,"St Paul, MN",2025-01-22,https://www.linkedin.com/jobs/view/continuous-improvement-analyst-management-analyst-4-at-minnesota-department-of-human-services-4131739292?position=44&pageNum=0&refId=vFC19g51CnPp0hp0jL%2Fokw%3D%3D&trackingId=c74mlyyBWlnivz5DGMUrwg%3D%3D
.NET Core Developer,TekJobs,United States,2025-01-22,https://www.linkedin.com/jobs/view/net-core-developer-at-tekjobs-4131808025?position=45&pageNum=0&refId=vFC19g51CnPp0hp0jL%2Fokw%3D%3D&trackingId=WD185SwMT0oOhy67jFRC6g%3D%3D
"Senior Strategy Manager, Specialty Contractors (Field Operations)",Autodesk,"Florida, United States",2025-01-22,https://www.linkedin.com/jobs/view/senior-strategy-manager-specialty-contractors-field-operations-at-autodesk-4096162451?position=46&pageNum=0&refId=vFC19g51CnPp0hp0jL%2Fokw%3D%3D&trackingId=h172orEFhMqS4Ds8UOY7VQ%3D%3D
System Analyst I-2,The University of British Columbia,Greater Vancouver Metropolitan Area,2025-01-22,https://ca.linkedin.com/jobs/view/system-analyst-i-2-at-the-university-of-british-columbia-4132125466?position=2&pageNum=0&refId=FofNQBt7mfo6uZZzZewtFg%3D%3D&trackingId=Xeqt%2BwQCck3mCvTv4JF8IQ%3D%3D
System Analyst I-1,The University of British Columbia,Greater Vancouver Metropolitan Area,2025-01-22,https://ca.linkedin.com/jobs/view/system-analyst-i-1-at-the-university-of-british-columbia-4132125464?position=4&pageNum=0&refId=FofNQBt7mfo6uZZzZewtFg%3D%3D&trackingId=FG3DoYnq2Jm7T8AWO%2FrgJg%3D%3D
System Analyst II,The University of British Columbia,Greater Vancouver Metropolitan Area,2025-01-22,https://ca.linkedin.com/jobs/view/system-analyst-ii-at-the-university-of-british-columbia-4132127288?position=5&pageNum=0&refId=FofNQBt7mfo6uZZzZewtFg%3D%3D&trackingId=g3k5J7LpOPDE%2BmQ579pbdA%3D%3D
Systems Analyst - Special Project Coordination (Canada Line),AtkinsRÃ©alis,"Richmond, British Columbia, Canada",2025-01-22,https://ca.linkedin.com/jobs/view/systems-analyst-special-project-coordination-canada-line-at-atkinsr%C3%A9alis-4125514386?position=6&pageNum=0&refId=FofNQBt7mfo6uZZzZewtFg%3D%3D&trackingId=VWjWzUoL7v1IScf7BfXg%2FQ%3D%3D
Senior Systems and Application Developer (ID#4801),New Value Solutions,"North Vancouver, British Columbia, Canada",2025-01-22,https://ca.linkedin.com/jobs/view/senior-systems-and-application-developer-id%234801-at-new-value-solutions-4132118295?position=8&pageNum=0&refId=FofNQBt7mfo6uZZzZewtFg%3D%3D&trackingId=ABxwKzEUJfab%2BLVdWpx71w%3D%3D
System Engineer,SoluZone Consulting Inc.,"Vancouver, British Columbia, Canada",2025-01-22,https://ca.linkedin.com/jobs/view/system-engineer-at-soluzone-consulting-inc-4132208192?position=9&pageNum=0&refId=FofNQBt7mfo6uZZzZewtFg%3D%3D&trackingId=hrip0Y5q09%2B%2B32RT1jLU8A%3D%3D
Senior System Engineer,Verathon,"Burnaby, British Columbia, Canada",2025-01-22,https://ca.linkedin.com/jobs/view/senior-system-engineer-at-verathon-4009487997?position=12&pageNum=0&refId=FofNQBt7mfo6uZZzZewtFg%3D%3D&trackingId=r%2BTE74l4yUOHaKYB3wGgMg%3D%3D
software programmer,CORVUM,"Vancouver, British Columbia, Canada",2025-01-22,https://ca.linkedin.com/jobs/view/software-programmer-at-corvum-4131810305?position=13&pageNum=0&refId=FofNQBt7mfo6uZZzZewtFg%3D%3D&trackingId=Yu94gAJRSpx2aP%2Bv9DdAZw%3D%3D
Access and Identity Analyst,The University of British Columbia,Greater Vancouver Metropolitan Area,2025-01-22,https://ca.linkedin.com/jobs/view/access-and-identity-analyst-at-the-university-of-british-columbia-4132127291?position=14&pageNum=0&refId=FofNQBt7mfo6uZZzZewtFg%3D%3D&trackingId=M%2FYifaVHOImCXxBM8fBGuw%3D%3D
Access and Identity Analyst-2,The University of British Columbia,Greater Vancouver Metropolitan Area,2025-01-22,https://ca.linkedin.com/jobs/view/access-and-identity-analyst-2-at-the-university-of-british-columbia-4132127289?position=15&pageNum=0&refId=FofNQBt7mfo6uZZzZewtFg%3D%3D&trackingId=Vfp4ha6TyrfcUSThhttelg%3D%3D
Security Engineer (Contract),iA Financial Group (Industrial Alliance),"Vancouver, British Columbia, Canada",2025-01-22,https://ca.linkedin.com/jobs/view/security-engineer-contract-at-ia-financial-group-industrial-alliance-4130647540?position=17&pageNum=0&refId=FofNQBt7mfo6uZZzZewtFg%3D%3D&trackingId=PnBSR9%2FBxvbB7PXRQ8AnKQ%3D%3D
Azure Cloud Engineer,EY,"Vancouver, British Columbia, Canada",2025-01-22,https://ca.linkedin.com/jobs/view/azure-cloud-engineer-at-ey-4035298210?position=18&pageNum=0&refId=FofNQBt7mfo6uZZzZewtFg%3D%3D&trackingId=wrbA27OAhQHFJcmsNimwxQ%3D%3D
"Team Lead, HRIS Systems",Canfor,"Vancouver, British Columbia, Canada",2025-01-22,https://ca.linkedin.com/jobs/view/team-lead-hris-systems-at-canfor-4107210513?position=20&pageNum=0&refId=FofNQBt7mfo6uZZzZewtFg%3D%3D&trackingId=2r1UNmpN9guz2eAicKjlfQ%3D%3D
Project Analyst,OSI Maritime Systems,"Burnaby, British Columbia, Canada",,https://ca.linkedin.com/jobs/view/project-analyst-at-osi-maritime-systems-4129685033?position=21&pageNum=0&refId=FofNQBt7mfo6uZZzZewtFg%3D%3D&trackingId=%2BwjfG%2F8UIz24WZ9ReN5M6w%3D%3D
RPA Developer - (Bilingual),MNP,"Vancouver, British Columbia, Canada",2025-01-22,https://ca.linkedin.com/jobs/view/rpa-developer-bilingual-at-mnp-4079698174?position=23&pageNum=0&refId=FofNQBt7mfo6uZZzZewtFg%3D%3D&trackingId=mOpjNxuoBVdzjv7H7hCavQ%3D%3D
Software Engineer - EA SPORTS Academy,Electronic Arts (EA),"Burnaby, British Columbia, Canada",2025-01-22,https://ca.linkedin.com/jobs/view/software-engineer-ea-sports-academy-at-electronic-arts-ea-4093066226?position=24&pageNum=0&refId=FofNQBt7mfo6uZZzZewtFg%3D%3D&trackingId=vj5zHJwJTrjAQcwDGE3BVA%3D%3D
DevOps Engineer,BitKernel,Greater Vancouver Metropolitan Area,2025-01-22,https://ca.linkedin.com/jobs/view/devops-engineer-at-bitkernel-4131814184?position=25&pageNum=0&refId=FofNQBt7mfo6uZZzZewtFg%3D%3D&trackingId=OMqBnVSP730F9V8nLDBw8A%3D%3D
Staff / Senior Software Engineer,Safari AI,"Vancouver, British Columbia, Canada",2025-01-22,https://ca.linkedin.com/jobs/view/staff-senior-software-engineer-at-safari-ai-4132228381?position=26&pageNum=0&refId=FofNQBt7mfo6uZZzZewtFg%3D%3D&trackingId=6d0kHu5V8d2oJ6%2B417HsHQ%3D%3D
Software Engineer,OpusClip,"Burnaby, British Columbia, Canada",2025-01-22,https://ca.linkedin.com/jobs/view/software-engineer-at-opusclip-4054454347?position=28&pageNum=0&refId=FofNQBt7mfo6uZZzZewtFg%3D%3D&trackingId=SHn7Qm5lJIgRVRzcgaVOAA%3D%3D
Software Engineer - Python/Golang - Kubernetes,Canonical,"Vancouver, British Columbia, Canada",2025-01-22,https://ca.linkedin.com/jobs/view/software-engineer-python-golang-kubernetes-at-canonical-4131918040?position=29&pageNum=0&refId=FofNQBt7mfo6uZZzZewtFg%3D%3D&trackingId=02wH2xHhH9%2BUEAK9CqBzag%3D%3D
Backend Engineer,Epic Games,"Greater Vancouver, British Columbia, Canada",2025-01-22,https://ca.linkedin.com/jobs/view/backend-engineer-at-epic-games-4102174531?position=31&pageNum=0&refId=FofNQBt7mfo6uZZzZewtFg%3D%3D&trackingId=Rfo%2F4o33bClohVhW8ZXexA%3D%3D
Software Development Engineer,Amazon,"Vancouver, British Columbia, Canada",2025-01-22,https://ca.linkedin.com/jobs/view/software-development-engineer-at-amazon-4132249030?position=32&pageNum=0&refId=FofNQBt7mfo6uZZzZewtFg%3D%3D&trackingId=DGtTATIQ1%2FhT1nbioKdTkQ%3D%3D
"Software Development Engineer, S3",Amazon Web Services (AWS),"Vancouver, British Columbia, Canada",2025-01-22,https://ca.linkedin.com/jobs/view/software-development-engineer-s3-at-amazon-web-services-aws-4131362651?position=34&pageNum=0&refId=FofNQBt7mfo6uZZzZewtFg%3D%3D&trackingId=LqiflYb%2FgmoJz04W1eqvcA%3D%3D
Software Development Engineer II,Remitly,"New Westminster, British Columbia, Canada",2025-01-22,https://ca.linkedin.com/jobs/view/software-development-engineer-ii-at-remitly-4103878768?position=35&pageNum=0&refId=FofNQBt7mfo6uZZzZewtFg%3D%3D&trackingId=sqaHSQ%2FHydwacawZgC6yXw%3D%3D
Staff Software Engineer,Infoblox,"Burnaby, British Columbia, Canada",2025-01-22,https://ca.linkedin.com/jobs/view/staff-software-engineer-at-infoblox-4131399638?position=36&pageNum=0&refId=FofNQBt7mfo6uZZzZewtFg%3D%3D&trackingId=Jf6pHEMgy0FNoYNOeK5gSg%3D%3D
Software Development Engineer,myGwork - LGBTQ+ Business Community,"Vancouver, British Columbia, Canada",2025-01-22,https://ca.linkedin.com/jobs/view/software-development-engineer-at-mygwork-lgbtq%2B-business-community-4129847042?position=37&pageNum=0&refId=FofNQBt7mfo6uZZzZewtFg%3D%3D&trackingId=jyQjPYAsmyVEpWQwoHm6Bw%3D%3D
"Software Development Engineer, S3 Replication",Amazon Web Services (AWS),"Vancouver, British Columbia, Canada",2025-01-22,https://ca.linkedin.com/jobs/view/software-development-engineer-s3-replication-at-amazon-web-services-aws-4131366327?position=38&pageNum=0&refId=FofNQBt7mfo6uZZzZewtFg%3D%3D&trackingId=qFMoQgZEslwgeZDNqzOsiw%3D%3D
"Software Dev Engineer, AWS Sustainability Tech",Amazon Web Services (AWS),"Vancouver, British Columbia, Canada",2025-01-22,https://ca.linkedin.com/jobs/view/software-dev-engineer-aws-sustainability-tech-at-amazon-web-services-aws-4131366333?position=39&pageNum=0&refId=FofNQBt7mfo6uZZzZewtFg%3D%3D&trackingId=merjiMRiJQqmomJgyS9pYw%3D%3D
Senior Backend Software Engineer,Bounce,"Vancouver, British Columbia, Canada",2025-01-22,https://ca.linkedin.com/jobs/view/senior-backend-software-engineer-at-bounce-4131812259?position=43&pageNum=0&refId=FofNQBt7mfo6uZZzZewtFg%3D%3D&trackingId=4OC3B7ZnMdzDaIQljS0i3A%3D%3D
"Software Development Engineer, S3",myGwork - LGBTQ+ Business Community,"Vancouver, British Columbia, Canada",2025-01-22,https://ca.linkedin.com/jobs/view/software-development-engineer-s3-at-mygwork-lgbtq%2B-business-community-4129840923?position=44&pageNum=0&refId=FofNQBt7mfo6uZZzZewtFg%3D%3D&trackingId=ySQ3d4kvPH8IenJE%2FYtcKQ%3D%3D
Programmer 2,Pattison Food Group,"Langley, British Columbia, Canada",2025-01-22,https://ca.linkedin.com/jobs/view/programmer-2-at-pattison-food-group-4130741347?position=45&pageNum=0&refId=FofNQBt7mfo6uZZzZewtFg%3D%3D&trackingId=CxbPqDpieEbpaYlIA9Xafw%3D%3D
ServiceNow Developer,NTT DATA North America,"Vancouver, British Columbia, Canada",2025-01-22,https://ca.linkedin.com/jobs/view/servicenow-developer-at-ntt-data-north-america-4085398498?position=46&pageNum=0&refId=FofNQBt7mfo6uZZzZewtFg%3D%3D&trackingId=U8XdaAq7uZMrseH0HWc4dg%3D%3D
"Software Development Engineer, S3 Replication",myGwork - LGBTQ+ Business Community,"Vancouver, British Columbia, Canada",2025-01-22,https://ca.linkedin.com/jobs/view/software-development-engineer-s3-replication-at-mygwork-lgbtq%2B-business-community-4129840933?position=47&pageNum=0&refId=FofNQBt7mfo6uZZzZewtFg%3D%3D&trackingId=8GYcn2KZc1TkKDrLr7Kh0Q%3D%3D
"Software Dev Engineer, AWS Sustainability Tech",myGwork - LGBTQ+ Business Community,"Vancouver, British Columbia, Canada",2025-01-22,https://ca.linkedin.com/jobs/view/software-dev-engineer-aws-sustainability-tech-at-mygwork-lgbtq%2B-business-community-4129842754?position=49&pageNum=0&refId=FofNQBt7mfo6uZZzZewtFg%3D%3D&trackingId=kYabKdoYp8REz4KtFq6Vdw%3D%3D
ReactJS Developer,"Ascii Group, LLC","Vancouver, British Columbia, Canada",2025-01-22,https://ca.linkedin.com/jobs/view/reactjs-developer-at-ascii-group-llc-4132298830?position=52&pageNum=0&refId=FofNQBt7mfo6uZZzZewtFg%3D%3D&trackingId=Egk%2BzGE2Vmyn%2BaOnRqFo%2Bw%3D%3D
Senior Software Developer,Autodesk,"Vancouver, British Columbia, Canada",2025-01-22,https://ca.linkedin.com/jobs/view/senior-software-developer-at-autodesk-4131815412?position=53&pageNum=0&refId=FofNQBt7mfo6uZZzZewtFg%3D%3D&trackingId=bgkQYBg9pNi%2FUO0Ci8Qw6A%3D%3D
Full Stack Developer,Spring Financial,"Vancouver, British Columbia, Canada",2025-01-22,https://ca.linkedin.com/jobs/view/full-stack-developer-at-spring-financial-4131614490?position=55&pageNum=0&refId=FofNQBt7mfo6uZZzZewtFg%3D%3D&trackingId=10o3KYQlcrcReXnaTaQQoQ%3D%3D
Senior Software Engineer,Hiive,"Vancouver, British Columbia, Canada",2025-01-22,https://ca.linkedin.com/jobs/view/senior-software-engineer-at-hiive-4015399084?position=57&pageNum=0&refId=FofNQBt7mfo6uZZzZewtFg%3D%3D&trackingId=wTMOHVuoZb3Rw%2FQksJ%2FHBg%3D%3D
Senior DevOps Engineer,Randstad Digital,"Vancouver, British Columbia, Canada",2025-01-22,https://ca.linkedin.com/jobs/view/senior-devops-engineer-at-randstad-digital-4131829071?position=58&pageNum=0&refId=FofNQBt7mfo6uZZzZewtFg%3D%3D&trackingId=MKsn5zYk9W9PAkwkLRxSBw%3D%3D
Full Stack Developer - Canadian Multi-Marine Aircraft (CMMA),Boeing,"Vancouver, British Columbia, Canada",2025-01-22,https://ca.linkedin.com/jobs/view/full-stack-developer-canadian-multi-marine-aircraft-cmma-at-boeing-4131817569?position=59&pageNum=0&refId=FofNQBt7mfo6uZZzZewtFg%3D%3D&trackingId=D2SCXkdY0OJQJ3BGrSJf2Q%3D%3D
Lead Software Engineer-R-230025,Mastercard,"Vancouver, British Columbia, Canada",2025-01-22,https://ca.linkedin.com/jobs/view/lead-software-engineer-r-230025-at-mastercard-4084710648?position=60&pageNum=0&refId=FofNQBt7mfo6uZZzZewtFg%3D%3D&trackingId=YmqRusPIXvAzl54XkPiSEg%3D%3D
Senior IT Support Analyst,MedReview Inc.,"New York, NY",2025-01-23,https://www.linkedin.com/jobs/view/senior-it-support-analyst-at-medreview-inc-4132626411?position=1&pageNum=0&refId=ndyDtCUZORe%2F2mPcGg%2FVQA%3D%3D&trackingId=9AM6VHAL7EglbXxUtiSguA%3D%3D
Remote Help Desk Support,Joblink United,United States,2025-01-23,https://www.linkedin.com/jobs/view/remote-help-desk-support-at-joblink-united-4130662104?position=2&pageNum=0&refId=ndyDtCUZORe%2F2mPcGg%2FVQA%3D%3D&trackingId=8Xopw1r%2FlBYssPz5ffSy0w%3D%3D
Systems Analyst (Repost),City of Richmond,"Richmond, British Columbia, Canada",2025-01-23,https://ca.linkedin.com/jobs/view/systems-analyst-repost-at-city-of-richmond-4133047641?position=1&pageNum=0&refId=8JmKS3XS279HkQjdKPW2Yw%3D%3D&trackingId=EK%2BLRasK30kV7rvDzO%2BIgA%3D%3D
"Senior Analyst, EAM Systems - Functional",Coast Mountain Bus Company,"Vancouver, British Columbia, Canada",2025-01-23,https://ca.linkedin.com/jobs/view/senior-analyst-eam-systems-functional-at-coast-mountain-bus-company-4130694072?position=7&pageNum=0&refId=8JmKS3XS279HkQjdKPW2Yw%3D%3D&trackingId=Qv91uUkAwqNqs%2BFqV6AxvQ%3D%3D
Software Engineer,Hamilton Barnes ðŸŒ³,"Vancouver, British Columbia, Canada",2025-01-23,https://ca.linkedin.com/jobs/view/software-engineer-at-hamilton-barnes-%F0%9F%8C%B3-4132474528?position=14&pageNum=0&refId=8JmKS3XS279HkQjdKPW2Yw%3D%3D&trackingId=80MuSDFU1fuZ6TQFayyvHg%3D%3D
Engineer - High-Performance Applications,Huawei Canada,"Vancouver, British Columbia, Canada",2025-01-23,https://ca.linkedin.com/jobs/view/engineer-high-performance-applications-at-huawei-canada-4132620881?position=16&pageNum=0&refId=8JmKS3XS279HkQjdKPW2Yw%3D%3D&trackingId=wK5mbS0GgohhlhxsvrGSTA%3D%3D
DevOps Engineer,Iris Software Inc.,"Vancouver, British Columbia, Canada",2025-01-23,https://ca.linkedin.com/jobs/view/devops-engineer-at-iris-software-inc-4133270544?position=20&pageNum=0&refId=8JmKS3XS279HkQjdKPW2Yw%3D%3D&trackingId=sEnKXYbYWWHQVuahR0QzSA%3D%3D
Software Engineer II,Microsoft Power Platform Community,"Vancouver, British Columbia, Canada",2025-01-23,https://ca.linkedin.com/jobs/view/software-engineer-ii-at-microsoft-power-platform-community-4131506694?position=23&pageNum=0&refId=8JmKS3XS279HkQjdKPW2Yw%3D%3D&trackingId=lJIdldWvIzLAHigKnV8dzQ%3D%3D
Software Engineer II,Microsoft,"Vancouver, British Columbia, Canada",2025-01-23,https://ca.linkedin.com/jobs/view/software-engineer-ii-at-microsoft-4132619058?position=24&pageNum=0&refId=8JmKS3XS279HkQjdKPW2Yw%3D%3D&trackingId=wMQIhb8ro3gJ8VdTna2EfA%3D%3D
Software Development Engineer in Test,NetApp,"Vancouver, British Columbia, Canada",2025-01-23,https://ca.linkedin.com/jobs/view/software-development-engineer-in-test-at-netapp-4132422213?position=27&pageNum=0&refId=8JmKS3XS279HkQjdKPW2Yw%3D%3D&trackingId=XmgXgQS27W0cme8919ABqA%3D%3D
Stagiaire en dÃ©veloppement de logiciels,Schneider Electric,"Richmond, British Columbia, Canada",2025-01-23,https://ca.linkedin.com/jobs/view/stagiaire-en-d%C3%A9veloppement-de-logiciels-at-schneider-electric-4132605608?position=28&pageNum=0&refId=8JmKS3XS279HkQjdKPW2Yw%3D%3D&trackingId=F%2BxHANo75QSbavy6BR9BFA%3D%3D
SaaS Backend Engineer - Landscape,Canonical,"Vancouver, British Columbia, Canada",2025-01-23,https://ca.linkedin.com/jobs/view/saas-backend-engineer-landscape-at-canonical-4132089815?position=29&pageNum=0&refId=8JmKS3XS279HkQjdKPW2Yw%3D%3D&trackingId=urC5fbC4Kcvtvb8Ny2v3Zg%3D%3D
Node.js Engineer,Sign In Enterprise,"Vancouver, British Columbia, Canada",2025-01-23,https://ca.linkedin.com/jobs/view/node-js-engineer-at-sign-in-enterprise-4130687404?position=30&pageNum=0&refId=8JmKS3XS279HkQjdKPW2Yw%3D%3D&trackingId=SKzcwKQfqj%2Ftib4xX3YHig%3D%3D
Lead Azure Cloud Engineer,NTT DATA North America,"Vancouver, British Columbia, Canada",2025-01-22,https://ca.linkedin.com/jobs/view/lead-azure-cloud-engineer-at-ntt-data-north-america-4120747770?position=31&pageNum=0&refId=8JmKS3XS279HkQjdKPW2Yw%3D%3D&trackingId=uFsNg6TSMzEFI3VVOSnJzA%3D%3D
Senior Software Engineer,Sign In Enterprise,"Vancouver, British Columbia, Canada",2025-01-23,https://ca.linkedin.com/jobs/view/senior-software-engineer-at-sign-in-enterprise-4130686429?position=32&pageNum=0&refId=8JmKS3XS279HkQjdKPW2Yw%3D%3D&trackingId=NrAnI8%2BJVwfRfhrYB0kKaw%3D%3D
"Software Development Engineer, Amazon Connect",Amazon Web Services (AWS),"Vancouver, British Columbia, Canada",2025-01-23,https://ca.linkedin.com/jobs/view/software-development-engineer-amazon-connect-at-amazon-web-services-aws-4107196445?position=36&pageNum=0&refId=8JmKS3XS279HkQjdKPW2Yw%3D%3D&trackingId=KXvqws1dsqc%2FBR%2BJHbUngQ%3D%3D
"Software Development Engineer, Selling Partner Promotions",Amazon,"Vancouver, British Columbia, Canada",2025-01-22,https://ca.linkedin.com/jobs/view/software-development-engineer-selling-partner-promotions-at-amazon-4130619475?position=39&pageNum=0&refId=8JmKS3XS279HkQjdKPW2Yw%3D%3D&trackingId=0vr8QtFugn0cyFh6Ji%2BXig%3D%3D
Senior Full Stack Software Engineer,Epoch,"Vancouver, British Columbia, Canada",2025-01-22,https://ca.linkedin.com/jobs/view/senior-full-stack-software-engineer-at-epoch-4131814027?position=41&pageNum=0&refId=8JmKS3XS279HkQjdKPW2Yw%3D%3D&trackingId=YtkKNnmEok7oNEnlgvzBzg%3D%3D
Front End Engineer - React/GraphQL,Swim Recruiting,"Vancouver, British Columbia, Canada",2025-01-23,https://ca.linkedin.com/jobs/view/front-end-engineer-react-graphql-at-swim-recruiting-4133292676?position=43&pageNum=0&refId=8JmKS3XS279HkQjdKPW2Yw%3D%3D&trackingId=A3k8ItIKbOaqhFLfb0TIrA%3D%3D
Senior Software Developer for Web Application Firewall,Fortinet,"Burnaby, British Columbia, Canada",2025-01-22,https://ca.linkedin.com/jobs/view/senior-software-developer-for-web-application-firewall-at-fortinet-4131820238?position=45&pageNum=0&refId=8JmKS3XS279HkQjdKPW2Yw%3D%3D&trackingId=dalY%2FEueVthnGTYbOySdXA%3D%3D
Senior Test Engineer,MKS Instruments,"Richmond, British Columbia, Canada",2025-01-23,https://ca.linkedin.com/jobs/view/senior-test-engineer-at-mks-instruments-4132669920?position=46&pageNum=0&refId=8JmKS3XS279HkQjdKPW2Yw%3D%3D&trackingId=hlfBsejvh%2BVY3HTT8VbCKA%3D%3D
Principal Software Developer,Autodesk,"Vancouver, British Columbia, Canada",2025-01-22,https://ca.linkedin.com/jobs/view/principal-software-developer-at-autodesk-4131816405?position=47&pageNum=0&refId=8JmKS3XS279HkQjdKPW2Yw%3D%3D&trackingId=nCZ0G2DTDFvzMTjZ49%2BCaQ%3D%3D
Senior Frontend Software Engineer,Bounce,"Vancouver, British Columbia, Canada",2025-01-22,https://ca.linkedin.com/jobs/view/senior-frontend-software-engineer-at-bounce-4131814067?position=48&pageNum=0&refId=8JmKS3XS279HkQjdKPW2Yw%3D%3D&trackingId=L2rybRnj8gGp2q99gI%2FW4A%3D%3D
Senior Engineer II - Mobile Engineering Services,lululemon,"Vancouver, British Columbia, Canada",2025-01-23,https://ca.linkedin.com/jobs/view/senior-engineer-ii-mobile-engineering-services-at-lululemon-4058948053?position=50&pageNum=0&refId=8JmKS3XS279HkQjdKPW2Yw%3D%3D&trackingId=3bz7Q1du%2F4eX6wfDmioyaQ%3D%3D
Sr. Storage/Systems Engineer,Intelliswift - An LTTS Company,Canada,2025-01-22,https://ca.linkedin.com/jobs/view/sr-storage-systems-engineer-at-intelliswift-an-ltts-company-4132132253?position=3&pageNum=0&refId=DEWqNAvtRc9w2Zdl6IIKRg%3D%3D&trackingId=JTWlnNp%2FuQuDcKF2TLtRKA%3D%3D
Systems Engineer Sr,Dayforce,Canada,2025-01-23,https://ca.linkedin.com/jobs/view/systems-engineer-sr-at-dayforce-4103798254?position=5&pageNum=0&refId=DEWqNAvtRc9w2Zdl6IIKRg%3D%3D&trackingId=OIJenOLASmli9o2VenQMVg%3D%3D
Healthcare Inter Systems Developer with HL7 Experience,Lorven Technologies Inc.,Canada,2025-01-22,https://ca.linkedin.com/jobs/view/healthcare-inter-systems-developer-with-hl7-experience-at-lorven-technologies-inc-4132124565?position=44&pageNum=0&refId=DEWqNAvtRc9w2Zdl6IIKRg%3D%3D&trackingId=YBIYY3z7houqG88JH0mBtA%3D%3D
Help Desk Support Specialist,CVS Health,"Austin, TX",2025-01-22,https://www.linkedin.com/jobs/view/help-desk-support-specialist-at-cvs-health-4131823729?position=5&pageNum=0&refId=msW%2BGLnALA1OnEk8xyzlRA%3D%3D&trackingId=iw%2BJtNoP7H3QnQOXVcKATQ%3D%3D
Tier 1 Help Desk,TEKsystems,"Altamonte Springs, FL",2025-01-23,https://www.linkedin.com/jobs/view/tier-1-help-desk-at-teksystems-4132155601?position=6&pageNum=0&refId=msW%2BGLnALA1OnEk8xyzlRA%3D%3D&trackingId=hW0W5zsRufUAMmCl%2BEdLwA%3D%3D
Help Desk Specialist,Swooped,United States,2025-01-23,https://www.linkedin.com/jobs/view/help-desk-specialist-at-swooped-4132517888?position=7&pageNum=0&refId=msW%2BGLnALA1OnEk8xyzlRA%3D%3D&trackingId=pkOV1dP9z0cB5p%2FxSowl%2Bg%3D%3D
Help Desk Analyst,Jobs via Dice,United States,2025-01-23,https://www.linkedin.com/jobs/view/help-desk-analyst-at-jobs-via-dice-4131538595?position=8&pageNum=0&refId=msW%2BGLnALA1OnEk8xyzlRA%3D%3D&trackingId=QJIXuaYgSbCKbZ%2BBRLvX0g%3D%3D
Call Center Representative (NO C2C),OpTech,"Michigan, United States",2025-01-23,https://www.linkedin.com/jobs/view/call-center-representative-no-c2c-at-optech-4133202561?position=11&pageNum=0&refId=msW%2BGLnALA1OnEk8xyzlRA%3D%3D&trackingId=0%2Bo%2BZzgTbZV5ZS6MoC03pw%3D%3D
Information Technology Associate,Agilian.com,"Washington, DC",2025-01-23,https://www.linkedin.com/jobs/view/information-technology-associate-at-agilian-com-4133242838?position=12&pageNum=0&refId=msW%2BGLnALA1OnEk8xyzlRA%3D%3D&trackingId=67JMtsaX2vPkJMhPbTX3pg%3D%3D
"Tech, IT Customer Service & Support",CVS Health,"Woonsocket, RI",2025-01-23,https://www.linkedin.com/jobs/view/tech-it-customer-service-support-at-cvs-health-4132152522?position=15&pageNum=0&refId=msW%2BGLnALA1OnEk8xyzlRA%3D%3D&trackingId=EqjddpxLJUZwGE06lvd1tw%3D%3D
EVSS Help Desk Service Manager,9th Way Insignia,"Ashburn, VA",2025-01-23,https://www.linkedin.com/jobs/view/evss-help-desk-service-manager-at-9th-way-insignia-4130666938?position=17&pageNum=0&refId=msW%2BGLnALA1OnEk8xyzlRA%3D%3D&trackingId=PPj6i2HKrl9UOiJafGjlTQ%3D%3D
Associate Customer Support   Contact Center Agent (SPBM),"Diversified Systems, Inc.","Dublin, OH",2025-01-23,https://www.linkedin.com/jobs/view/associate-customer-support-contact-center-agent-spbm-at-diversified-systems-inc-4130690761?position=21&pageNum=0&refId=msW%2BGLnALA1OnEk8xyzlRA%3D%3D&trackingId=WntuQJuXM2veDQNZi0WEZQ%3D%3D
EDI Enrollment Specialist (B2B SaaS),Prompt Therapy Solutions,United States,2025-01-23,https://www.linkedin.com/jobs/view/edi-enrollment-specialist-b2b-saas-at-prompt-therapy-solutions-4132074571?position=22&pageNum=0&refId=msW%2BGLnALA1OnEk8xyzlRA%3D%3D&trackingId=DP9LgZf1dVnc3KIbrSxXsA%3D%3D
Clinical Analyst,Jobs via Dice,United States,2025-01-22,https://www.linkedin.com/jobs/view/clinical-analyst-at-jobs-via-dice-4130649757?position=23&pageNum=0&refId=msW%2BGLnALA1OnEk8xyzlRA%3D%3D&trackingId=812NAQ5fpvLYcP10v7ByeA%3D%3D
Lead Claims Analyst,Public Consulting Group,United States,2025-01-22,https://www.linkedin.com/jobs/view/lead-claims-analyst-at-public-consulting-group-4132132305?position=24&pageNum=0&refId=msW%2BGLnALA1OnEk8xyzlRA%3D%3D&trackingId=zGnNduXsNeiiUmLG2GZ9hg%3D%3D
Revenue Operations Manager,KPA,United States,2025-01-23,https://www.linkedin.com/jobs/view/revenue-operations-manager-at-kpa-4130920444?position=26&pageNum=0&refId=msW%2BGLnALA1OnEk8xyzlRA%3D%3D&trackingId=4JOPH4lFAVJJQPBS6XuBeg%3D%3D
EVSS Help Desk Service Manager,Jobs via Dice,United States,2025-01-23,https://www.linkedin.com/jobs/view/evss-help-desk-service-manager-at-jobs-via-dice-4131538592?position=28&pageNum=0&refId=msW%2BGLnALA1OnEk8xyzlRA%3D%3D&trackingId=J8SLRg1DaXxoBk8wHORgLA%3D%3D
Medical Biller & Coder,TekWissen Â®,"Detroit, MI",2025-01-23,https://www.linkedin.com/jobs/view/medical-biller-coder-at-tekwissen-%C2%AE-4133241569?position=29&pageNum=0&refId=msW%2BGLnALA1OnEk8xyzlRA%3D%3D&trackingId=asKYsm5mh%2F5MOaBzbESf9Q%3D%3D
Creative Marketing Specialist,Quantum Leap Mindset,"Dallas, TX",2025-01-23,https://www.linkedin.com/jobs/view/creative-marketing-specialist-at-quantum-leap-mindset-4132144859?position=31&pageNum=0&refId=msW%2BGLnALA1OnEk8xyzlRA%3D%3D&trackingId=1PPCuJIsnBlNqSrzkBu47Q%3D%3D
RPG / Infor XA Programmer Analyst,Meridian Bioscience Inc.,"Cincinnati, OH",2025-01-23,https://www.linkedin.com/jobs/view/rpg-infor-xa-programmer-analyst-at-meridian-bioscience-inc-4133022259?position=34&pageNum=0&refId=msW%2BGLnALA1OnEk8xyzlRA%3D%3D&trackingId=RoNpZW1CEQQbcZnjj3xYvA%3D%3D
QA Engineer Automated 3,Jobs via Dice,"Austin, TX",2025-01-22,https://www.linkedin.com/jobs/view/qa-engineer-automated-3-at-jobs-via-dice-4130649702?position=35&pageNum=0&refId=msW%2BGLnALA1OnEk8xyzlRA%3D%3D&trackingId=tuxJqOusZ2FI96pRSn93sg%3D%3D
"Senior Strategy Manager, Specialty Contractors (Field Operations)",Autodesk,"Illinois, United States",2025-01-23,https://www.linkedin.com/jobs/view/senior-strategy-manager-specialty-contractors-field-operations-at-autodesk-4096166211?position=36&pageNum=0&refId=msW%2BGLnALA1OnEk8xyzlRA%3D%3D&trackingId=K2ySpGqR1zpBTzB2rTOSuw%3D%3D
Early Childhood Curriculum Specialist/State Prog Admin Prin,State of Minnesota,"St Paul, MN",2025-01-23,https://www.linkedin.com/jobs/view/early-childhood-curriculum-specialist-state-prog-admin-prin-at-state-of-minnesota-4133043363?position=37&pageNum=0&refId=msW%2BGLnALA1OnEk8xyzlRA%3D%3D&trackingId=eRUK%2FW4aZWCb%2BGD1my2XTA%3D%3D
Junior Full Stack Web engineer,Hatch Innovations,"Burnaby, British Columbia, Canada",2025-01-22,https://ca.linkedin.com/jobs/view/junior-full-stack-web-engineer-at-hatch-innovations-4132132965?position=14&pageNum=0&refId=Z9D8kRpGMkECIY%2BMZbIHZA%3D%3D&trackingId=r%2BxYZ5CrcDhtheaQP4vX2w%3D%3D
Software development co-op,Schneider Electric,"Richmond, British Columbia, Canada",2025-01-23,https://ca.linkedin.com/jobs/view/software-development-co-op-at-schneider-electric-4132611095?position=18&pageNum=0&refId=Z9D8kRpGMkECIY%2BMZbIHZA%3D%3D&trackingId=4I1woBVMaYTxxB6h4Q0b2w%3D%3D
Full Stack Developer,Stellar Recruitment Inc.,"Richmond, British Columbia, Canada",2025-01-22,https://ca.linkedin.com/jobs/view/full-stack-developer-at-stellar-recruitment-inc-4131886188?position=31&pageNum=0&refId=Z9D8kRpGMkECIY%2BMZbIHZA%3D%3D&trackingId=gkxZCtQKsX1n%2FnqzXiEKdw%3D%3D
QA Automation Analyst,Swim Recruiting,"Vancouver, British Columbia, Canada",2025-01-23,https://ca.linkedin.com/jobs/view/qa-automation-analyst-at-swim-recruiting-4133292658?position=32&pageNum=0&refId=Z9D8kRpGMkECIY%2BMZbIHZA%3D%3D&trackingId=R9EZBBaIVQokU2yJJPdREg%3D%3D
QA Analyst - iOS,Swim Recruiting,"Vancouver, British Columbia, Canada",2025-01-23,https://ca.linkedin.com/jobs/view/qa-analyst-ios-at-swim-recruiting-4133296326?position=33&pageNum=0&refId=Z9D8kRpGMkECIY%2BMZbIHZA%3D%3D&trackingId=aSMZz2aveotGoP9N6Vej1g%3D%3D
Senior Applied Scientist,Zepp Health,"Vancouver, British Columbia, Canada",2025-01-23,https://ca.linkedin.com/jobs/view/senior-applied-scientist-at-zepp-health-4132144286?position=42&pageNum=0&refId=Z9D8kRpGMkECIY%2BMZbIHZA%3D%3D&trackingId=6gW5VB6CqnTt4Dr04%2BduAQ%3D%3D
"Senior Researcher â€“ Artificial Specialized Intelligence, Microsoft Research",Microsoft Power Platform Community,"Vancouver, British Columbia, Canada",2025-01-23,https://ca.linkedin.com/jobs/view/senior-researcher-%E2%80%93-artificial-specialized-intelligence-microsoft-research-at-microsoft-power-platform-community-4132508199?position=46&pageNum=0&refId=Z9D8kRpGMkECIY%2BMZbIHZA%3D%3D&trackingId=n5VCzcNlmXY0hoAEkaH7CA%3D%3D
Senior Security Engineer - Cryptography & Key Management,Marqeta,"Vancouver, British Columbia, Canada",2025-01-22,https://ca.linkedin.com/jobs/view/senior-security-engineer-cryptography-key-management-at-marqeta-4131805974?position=47&pageNum=0&refId=Z9D8kRpGMkECIY%2BMZbIHZA%3D%3D&trackingId=N9GCJgAWPWDFyAlSBkwcSQ%3D%3D
Mining Technology Engineer,Finning,"Vancouver, British Columbia, Canada",2025-01-23,https://ca.linkedin.com/jobs/view/mining-technology-engineer-at-finning-4132149717?position=49&pageNum=0&refId=Z9D8kRpGMkECIY%2BMZbIHZA%3D%3D&trackingId=0xPS0wgP5H%2Fhca9tvnV22Q%3D%3D
Customer Service Representative,Whimstay,United States,2025-01-23,https://www.linkedin.com/jobs/view/customer-service-representative-at-whimstay-4132132358?position=5&pageNum=0&refId=xphXD2IzlMjEY0Q8fGyj%2BA%3D%3D&trackingId=E3IeT4hFqNr2cMHEAyWHGg%3D%3D
Remote IT Support Technician - Consultant/Freelance | WFH,Get It - Real Estate,"Kansas City, MO",2025-01-23,https://www.linkedin.com/jobs/view/remote-it-support-technician-consultant-freelance-wfh-at-get-it-real-estate-4133517605?position=7&pageNum=0&refId=xphXD2IzlMjEY0Q8fGyj%2BA%3D%3D&trackingId=mZjk4sLHr0ePQFyZwV0hzQ%3D%3D
Technician Support Desktop,Get It - Executive,"Auburn Hills, MI",2025-01-23,https://www.linkedin.com/jobs/view/technician-support-desktop-at-get-it-executive-4133518604?position=16&pageNum=0&refId=xphXD2IzlMjEY0Q8fGyj%2BA%3D%3D&trackingId=hueie6L7x%2F7o5RwEgB1ufw%3D%3D
IT Service Center Help Desk Specialist 1,Northern Arizona Healthcare,"Flagstaff, AZ",2025-01-23,https://www.linkedin.com/jobs/view/it-service-center-help-desk-specialist-1-at-northern-arizona-healthcare-4132563526?position=20&pageNum=0&refId=xphXD2IzlMjEY0Q8fGyj%2BA%3D%3D&trackingId=LLD%2BrjlvkyEX77wOAGA4Uw%3D%3D
"Customer Service Rep, AP - Remote",Talentify.io,United States,2025-01-23,https://www.linkedin.com/jobs/view/customer-service-rep-ap-remote-at-talentify-io-4132564647?position=26&pageNum=0&refId=xphXD2IzlMjEY0Q8fGyj%2BA%3D%3D&trackingId=FQ8PbTmRLpyG4wIn8XEMqA%3D%3D
IT Manager,Productive Playhouse,"Glendale, CA",2025-01-23,https://www.linkedin.com/jobs/view/it-manager-at-productive-playhouse-4133243899?position=28&pageNum=0&refId=xphXD2IzlMjEY0Q8fGyj%2BA%3D%3D&trackingId=Y9hsvQ1KxA8kOAnLZpYj%2Fg%3D%3D
Performance Portalâ„¢ LMS Manager,Cloud Range,United States,2025-01-23,https://www.linkedin.com/jobs/view/performance-portal%E2%84%A2-lms-manager-at-cloud-range-4132573207?position=30&pageNum=0&refId=xphXD2IzlMjEY0Q8fGyj%2BA%3D%3D&trackingId=45sp3ywGqaXhoNxIjbldFQ%3D%3D
Senior Communications Specialist,Index Analytics LLC,"Baltimore, MD",2025-01-23,https://www.linkedin.com/jobs/view/senior-communications-specialist-at-index-analytics-llc-4130670626?position=34&pageNum=0&refId=xphXD2IzlMjEY0Q8fGyj%2BA%3D%3D&trackingId=NWWGXhzDz%2FXs57gSpwL73w%3D%3D
Sr. Systems Administrator (OpenText),"Amyx, Inc.",United States,2025-01-23,https://www.linkedin.com/jobs/view/sr-systems-administrator-opentext-at-amyx-inc-4133510872?position=35&pageNum=0&refId=xphXD2IzlMjEY0Q8fGyj%2BA%3D%3D&trackingId=nYP4rxAlwIGm2KzMqx8t5Q%3D%3D
Senior Information Technology Specialist,Hypergiant,"Austin, TX",2025-01-23,https://www.linkedin.com/jobs/view/senior-information-technology-specialist-at-hypergiant-4132517606?position=36&pageNum=0&refId=xphXD2IzlMjEY0Q8fGyj%2BA%3D%3D&trackingId=GhMJS6jM1jE4%2FdP3IiCbGQ%3D%3D
Subscription Marketing Manager,Spiceworks,United States,2025-01-23,https://www.linkedin.com/jobs/view/subscription-marketing-manager-at-spiceworks-4133511381?position=37&pageNum=0&refId=xphXD2IzlMjEY0Q8fGyj%2BA%3D%3D&trackingId=Z0c7NxYVq3zjEmN83SQPmw%3D%3D
Sr. DevOps Engineer,"Amyx, Inc.",United States,2025-01-23,https://www.linkedin.com/jobs/view/sr-devops-engineer-at-amyx-inc-4133512831?position=40&pageNum=0&refId=xphXD2IzlMjEY0Q8fGyj%2BA%3D%3D&trackingId=OWXq9D6qa9gI3W2SecL2gg%3D%3D
Director of Value Engineering,Confluent,United States,2025-01-23,https://www.linkedin.com/jobs/view/director-of-value-engineering-at-confluent-4133523366?position=42&pageNum=0&refId=xphXD2IzlMjEY0Q8fGyj%2BA%3D%3D&trackingId=CRdjgYrDPocKeu8S%2FaXBrA%3D%3D
Quality Assurance Engineer,Insight Global,"Vancouver, British Columbia, Canada",2025-01-23,https://ca.linkedin.com/jobs/view/quality-assurance-engineer-at-insight-global-4133516190?position=23&pageNum=0&refId=3YnTOx745cHsoaj7fsz8ZQ%3D%3D&trackingId=EsMna1zGaneU%2Fd%2BBb6pw4g%3D%3D
Firmware Engineer,WriteAway,"Vancouver, British Columbia, Canada",2025-01-23,https://ca.linkedin.com/jobs/view/firmware-engineer-at-writeaway-4120059935?position=25&pageNum=0&refId=3YnTOx745cHsoaj7fsz8ZQ%3D%3D&trackingId=Ri9R4lS0Uwskxh923h7K%2Bw%3D%3D
Software Engineer 3 Frontend,Behavox,"Vancouver, British Columbia, Canada",2025-01-23,https://ca.linkedin.com/jobs/view/software-engineer-3-frontend-at-behavox-4133512700?position=31&pageNum=0&refId=3YnTOx745cHsoaj7fsz8ZQ%3D%3D&trackingId=XiZhG8EO0F3PCv63iQ4hQQ%3D%3D
Senior Software QA Developer (SaaS),Fortinet,"Burnaby, British Columbia, Canada",2025-01-23,https://ca.linkedin.com/jobs/view/senior-software-qa-developer-saas-at-fortinet-4132539354?position=43&pageNum=0&refId=3YnTOx745cHsoaj7fsz8ZQ%3D%3D&trackingId=lll%2FhyKdgozIcJzQaAJb6Q%3D%3D
Machine Learning Software Engineer (Remote),CrowdStrike,"Vancouver, British Columbia, Canada",2025-01-23,https://ca.linkedin.com/jobs/view/machine-learning-software-engineer-remote-at-crowdstrike-4132910213?position=44&pageNum=0&refId=3YnTOx745cHsoaj7fsz8ZQ%3D%3D&trackingId=7mvIK40%2F9iN98SsJgCjuUw%3D%3D
Senior Android Developer - Wearables,CE Brands Inc. (CEBI-V),"Vancouver, British Columbia, Canada",2025-01-23,https://ca.linkedin.com/jobs/view/senior-android-developer-wearables-at-ce-brands-inc-cebi-v-4132704838?position=45&pageNum=0&refId=3YnTOx745cHsoaj7fsz8ZQ%3D%3D&trackingId=ed1AuFbBiq9LJWM2c%2FumWg%3D%3D
"Staff Software Engineer â€“ Apache Spark Expert (Bangkok based, relocation provided)",Agoda,"Vancouver, British Columbia, Canada",2025-01-23,https://ca.linkedin.com/jobs/view/staff-software-engineer-%E2%80%93-apache-spark-expert-bangkok-based-relocation-provided-at-agoda-4133519959?position=49&pageNum=0&refId=3YnTOx745cHsoaj7fsz8ZQ%3D%3D&trackingId=4HRxsR%2BxBGOjb%2BoEQQDGkQ%3D%3D
Back End Senior Software Engineer (Bangkok based â€“ Relocation provided),Agoda,"Vancouver, British Columbia, Canada",2025-01-23,https://ca.linkedin.com/jobs/view/back-end-senior-software-engineer-bangkok-based-%E2%80%93-relocation-provided-at-agoda-4133522604?position=50&pageNum=0&refId=3YnTOx745cHsoaj7fsz8ZQ%3D%3D&trackingId=BwRcP1keoLSZzROiL1ei2w%3D%3D
Tech Support Analyst,PH&N Institutional,"Greater Toronto Area, Canada",,https://ca.linkedin.com/jobs/view/tech-support-analyst-at-ph-n-institutional-4132623927?position=1&pageNum=0&refId=KkuH7yVJce26xFRQEnibUQ%3D%3D&trackingId=pghU60oCcJVbg5DlrhenSg%3D%3D
Tech Support Services Analyst - Halifax,PH&N Institutional,"Greater Toronto Area, Canada",,https://ca.linkedin.com/jobs/view/tech-support-services-analyst-halifax-at-ph-n-institutional-4132625944?position=2&pageNum=0&refId=KkuH7yVJce26xFRQEnibUQ%3D%3D&trackingId=Qv97zQ0XJvAHeNn4FoUa%2BA%3D%3D
Customer Support Analyst (Aviation),Portside,Canada,,https://ca.linkedin.com/jobs/view/customer-support-analyst-aviation-at-portside-4128403857?position=3&pageNum=0&refId=KkuH7yVJce26xFRQEnibUQ%3D%3D&trackingId=kYNGiA8RRKIymuSGpt5%2BXw%3D%3D
Remote Call Center Representative Job Openings (Full-Time),The Sydney Call Centre,"Saskatchewan, Canada",,https://ca.linkedin.com/jobs/view/remote-call-center-representative-job-openings-full-time-at-the-sydney-call-centre-4077687014?position=4&pageNum=0&refId=Ce0jLubZ5lJ8lRPYYOUwuQ%3D%3D&trackingId=uhIOv2elzIpcucoI5L75xw%3D%3D
Work-at-Home Customer Service Representative Job Openings (Full-Time),The Sydney Call Centre,"Manitoba, Canada",,https://ca.linkedin.com/jobs/view/work-at-home-customer-service-representative-job-openings-full-time-at-the-sydney-call-centre-4093627632?position=5&pageNum=0&refId=Ce0jLubZ5lJ8lRPYYOUwuQ%3D%3D&trackingId=x1gd1FCblJhLEeJMdyNj5Q%3D%3D
Dynamics Helpdesk Consultant,InterEx Group,Canada,,https://ca.linkedin.com/jobs/view/dynamics-helpdesk-consultant-at-interex-group-4121338147?position=6&pageNum=0&refId=Ce0jLubZ5lJ8lRPYYOUwuQ%3D%3D&trackingId=W7fulFEJ%2FnFy69gIibEenA%3D%3D
Product Manager,Flashpoint,Canada,,https://ca.linkedin.com/jobs/view/product-manager-at-flashpoint-4125023048?position=7&pageNum=0&refId=Ce0jLubZ5lJ8lRPYYOUwuQ%3D%3D&trackingId=o4zWiOADr7Anfer%2Bnp2XwQ%3D%3D
IT Technician Bilingual -Contract,Desjardins,"Aurora, Ontario, Canada",,https://ca.linkedin.com/jobs/view/it-technician-bilingual-contract-at-desjardins-4124148571?position=8&pageNum=0&refId=Ce0jLubZ5lJ8lRPYYOUwuQ%3D%3D&trackingId=rabn1mZKuJlP8MUm3y4wrA%3D%3D
Remote Customer Service Representative (Manitoba),MCI,"Manitoba, Canada",,https://ca.linkedin.com/jobs/view/remote-customer-service-representative-manitoba-at-mci-4119999177?position=9&pageNum=0&refId=Ce0jLubZ5lJ8lRPYYOUwuQ%3D%3D&trackingId=fcHmG2YZyxP50kH5SpAhfQ%3D%3D
Work-At-Home Call Center Representative (Full-Time),MCI,"Prince Edward Island, Canada",,https://ca.linkedin.com/jobs/view/work-at-home-call-center-representative-full-time-at-mci-4121819007?position=10&pageNum=0&refId=Ce0jLubZ5lJ8lRPYYOUwuQ%3D%3D&trackingId=Qx%2BWM4IXpIk5pAmSe0WxTg%3D%3D
Remote Call Center Representative (Manitoba),MCI,"Manitoba, Canada",,https://ca.linkedin.com/jobs/view/remote-call-center-representative-manitoba-at-mci-4119995559?position=11&pageNum=0&refId=Ce0jLubZ5lJ8lRPYYOUwuQ%3D%3D&trackingId=oAP7HQTutubGiSwL84nZ5A%3D%3D
Work at Home Contact Center Agent,MCI,"Nova Scotia, Canada",,https://ca.linkedin.com/jobs/view/work-at-home-contact-center-agent-at-mci-4121819005?position=12&pageNum=0&refId=Ce0jLubZ5lJ8lRPYYOUwuQ%3D%3D&trackingId=v0y7G4AxC99bGbzVMP6f2Q%3D%3D
Entry Level Remote Customer Service Representative (Prince Edward Island),MCI,"Prince Edward Island, Canada",,https://ca.linkedin.com/jobs/view/entry-level-remote-customer-service-representative-prince-edward-island-at-mci-4119920979?position=16&pageNum=0&refId=Ce0jLubZ5lJ8lRPYYOUwuQ%3D%3D&trackingId=JgSHuUw4jPl6Ks%2BymOWIAQ%3D%3D
Remote Customer Service Representative (Prince Edward Island),MCI,"Prince Edward Island, Canada",,https://ca.linkedin.com/jobs/view/remote-customer-service-representative-prince-edward-island-at-mci-4119995561?position=19&pageNum=0&refId=Ce0jLubZ5lJ8lRPYYOUwuQ%3D%3D&trackingId=qt%2FuE%2BxYFFw%2BVuzQOH3xdA%3D%3D
Full-Time Remote Customer Service Representative (Prince Edward Island),MCI,"Prince Edward Island, Canada",,https://ca.linkedin.com/jobs/view/full-time-remote-customer-service-representative-prince-edward-island-at-mci-4119920975?position=20&pageNum=0&refId=Ce0jLubZ5lJ8lRPYYOUwuQ%3D%3D&trackingId=GllVlpBN2rF7phfBs3Gz8g%3D%3D
Remote Call Center Representative (Newfoundland),MCI,"Newfoundland and Labrador, Canada",,https://ca.linkedin.com/jobs/view/remote-call-center-representative-newfoundland-at-mci-4120301140?position=21&pageNum=0&refId=Ce0jLubZ5lJ8lRPYYOUwuQ%3D%3D&trackingId=lVgVpB8Xb0B8lCP4ijkfHg%3D%3D
Mid-level technical VA / junior TPM,Physician on FIRE,Canada,,https://ca.linkedin.com/jobs/view/mid-level-technical-va-junior-tpm-at-physician-on-fire-4031559859?position=22&pageNum=0&refId=Ce0jLubZ5lJ8lRPYYOUwuQ%3D%3D&trackingId=0TC%2BsyHqZXtwVWEr4Qj6Dw%3D%3D
Remote Customer Service Representative (Nova Scotia),MCI,"Nova Scotia, Canada",,https://ca.linkedin.com/jobs/view/remote-customer-service-representative-nova-scotia-at-mci-4119994782?position=24&pageNum=0&refId=Ce0jLubZ5lJ8lRPYYOUwuQ%3D%3D&trackingId=GI7ZWUMnAkljl9LFyory3w%3D%3D
Full-Time Remote Call Center Representative,MCI,"Invermay, Saskatchewan, Canada",,https://ca.linkedin.com/jobs/view/full-time-remote-call-center-representative-at-mci-3976176921?position=25&pageNum=0&refId=Ce0jLubZ5lJ8lRPYYOUwuQ%3D%3D&trackingId=KoIF8CDUbGFMPWyDc5RY1w%3D%3D
Work-At Home Telephone Sales Representative (Full-Time),MCI,"Prince Edward Island, Canada",,https://ca.linkedin.com/jobs/view/work-at-home-telephone-sales-representative-full-time-at-mci-4121817299?position=26&pageNum=0&refId=Ce0jLubZ5lJ8lRPYYOUwuQ%3D%3D&trackingId=%2BqNwTD3V%2F2aKSJlX%2BEdvmg%3D%3D
Work at Home Contact Centre Sales Agent,MCI,"Prince Edward Island, Canada",,https://ca.linkedin.com/jobs/view/work-at-home-contact-centre-sales-agent-at-mci-4121817298?position=28&pageNum=0&refId=Ce0jLubZ5lJ8lRPYYOUwuQ%3D%3D&trackingId=KzdXETnD0Z%2BONM6XvTZZOg%3D%3D
"Device Analyst, IMITS",Provincial Health Services Authority,"Vancouver, British Columbia, Canada",,https://ca.linkedin.com/jobs/view/device-analyst-imits-at-provincial-health-services-authority-4118819017?position=29&pageNum=0&refId=Ce0jLubZ5lJ8lRPYYOUwuQ%3D%3D&trackingId=%2F1qh%2B8NbLoQ4KRMi0sPfgw%3D%3D
Operations Administrator,Ricoh Colombia,"Burnaby, British Columbia, Canada",,https://ca.linkedin.com/jobs/view/operations-administrator-at-ricoh-colombia-4104758685?position=30&pageNum=0&refId=Ce0jLubZ5lJ8lRPYYOUwuQ%3D%3D&trackingId=gf0zTAFo5bka2SzDiDkCkA%3D%3D
Work-at-Home Customer Service Representative Job Openings (Full-Time),MCI,"Invermay, Saskatchewan, Canada",,https://ca.linkedin.com/jobs/view/work-at-home-customer-service-representative-job-openings-full-time-at-mci-3976182405?position=32&pageNum=0&refId=Ce0jLubZ5lJ8lRPYYOUwuQ%3D%3D&trackingId=fhmFrgxLsYFEsVO0eICNvA%3D%3D
Remote Call Center Representative Job Openings (Full-Time),MCI,"Invermay, Saskatchewan, Canada",,https://ca.linkedin.com/jobs/view/remote-call-center-representative-job-openings-full-time-at-mci-3976178943?position=36&pageNum=0&refId=Ce0jLubZ5lJ8lRPYYOUwuQ%3D%3D&trackingId=1xH4cjdwlrnYzfbZ7J1NLQ%3D%3D
Associate,Non-Profit Organization,"Ottawa, Ontario, Canada",,https://ca.linkedin.com/jobs/view/associate-at-non-profit-organization-4126529403?position=37&pageNum=0&refId=Ce0jLubZ5lJ8lRPYYOUwuQ%3D%3D&trackingId=f7iVK0pRK2ITOo%2FOKoWiRA%3D%3D
Entry Level Remote Customer Service Representative (Saskatchewan),MCI,"Saskatchewan, Canada",,https://ca.linkedin.com/jobs/view/entry-level-remote-customer-service-representative-saskatchewan-at-mci-4119927069?position=38&pageNum=0&refId=Ce0jLubZ5lJ8lRPYYOUwuQ%3D%3D&trackingId=c4ruuZROh1GikBlibFp7eg%3D%3D
Remote Call Center Representative (Prince Edward Island),MCI,"Prince Edward Island, Canada",,https://ca.linkedin.com/jobs/view/remote-call-center-representative-prince-edward-island-at-mci-4120300166?position=41&pageNum=0&refId=Ce0jLubZ5lJ8lRPYYOUwuQ%3D%3D&trackingId=GSrw4pa4SVLa%2FfK9X%2FmVUA%3D%3D
Full-Time Remote Customer Service Representative (Saskatchewan),MCI,"Saskatchewan, Canada",,https://ca.linkedin.com/jobs/view/full-time-remote-customer-service-representative-saskatchewan-at-mci-4119925418?position=42&pageNum=0&refId=Ce0jLubZ5lJ8lRPYYOUwuQ%3D%3D&trackingId=zRhNtWlWm1HBgQbiRDjxhg%3D%3D
Cyber Incident Response Manager,Provincial Health Services Authority,"Burnaby, British Columbia, Canada",,https://ca.linkedin.com/jobs/view/cyber-incident-response-manager-at-provincial-health-services-authority-4127640688?position=43&pageNum=0&refId=Ce0jLubZ5lJ8lRPYYOUwuQ%3D%3D&trackingId=ZE9Mn47CAQpAXONx9sI0OQ%3D%3D
Bilingual Customer Support Analyst,Cority,Canada,,https://ca.linkedin.com/jobs/view/bilingual-customer-support-analyst-at-cority-4129677969?position=45&pageNum=0&refId=Ce0jLubZ5lJ8lRPYYOUwuQ%3D%3D&trackingId=0uN2Atn4xaMc%2FpFRjoPK1g%3D%3D
TMF Associate,Alimentiv,"London, Ontario, Canada",,https://ca.linkedin.com/jobs/view/tmf-associate-at-alimentiv-4129827569?position=48&pageNum=0&refId=Ce0jLubZ5lJ8lRPYYOUwuQ%3D%3D&trackingId=WzvIWZhq4MTIuoUonX8AEQ%3D%3D
Bilingue service clientÃ¨le Customer service agent Insurance,DXC Technology,"Toronto, Ontario, Canada",,https://ca.linkedin.com/jobs/view/bilingue-service-client%C3%A8le-customer-service-agent-insurance-at-dxc-technology-4112969812?position=49&pageNum=0&refId=Ce0jLubZ5lJ8lRPYYOUwuQ%3D%3D&trackingId=ZXm1O%2Fp8NJuTdWqa5BNDKA%3D%3D
Experienced Mortgage Agent,Mortgage Alliance,Canada,,https://ca.linkedin.com/jobs/view/experienced-mortgage-agent-at-mortgage-alliance-4115171236?position=50&pageNum=0&refId=Ce0jLubZ5lJ8lRPYYOUwuQ%3D%3D&trackingId=hEdxeA4Q%2BpPehHEFG%2F1BdA%3D%3D
IT Applications Developer,Clean Foundation,"Halifax, Nova Scotia, Canada",,https://ca.linkedin.com/jobs/view/it-applications-developer-at-clean-foundation-4127877672?position=51&pageNum=0&refId=Ce0jLubZ5lJ8lRPYYOUwuQ%3D%3D&trackingId=wh%2B1h3AFLfB71YtPkM6x7Q%3D%3D
"Manager, Technology Services PDHIS",Provincial Health Services Authority,"Burnaby, British Columbia, Canada",,https://ca.linkedin.com/jobs/view/manager-technology-services-pdhis-at-provincial-health-services-authority-4119942289?position=52&pageNum=0&refId=Ce0jLubZ5lJ8lRPYYOUwuQ%3D%3D&trackingId=BPxPLVRZs%2BcdAGOewmkBLw%3D%3D
Bilingual Service Desk Analyst,Compugen Inc,Canada,,https://ca.linkedin.com/jobs/view/bilingual-service-desk-analyst-at-compugen-inc-4131449952?position=55&pageNum=0&refId=Ce0jLubZ5lJ8lRPYYOUwuQ%3D%3D&trackingId=7eayD92lZ%2BRsXEYypyJUrQ%3D%3D
OneSource Tax Consultant,Conexess Group,"Toronto, Ontario, Canada",,https://ca.linkedin.com/jobs/view/onesource-tax-consultant-at-conexess-group-4075830614?position=56&pageNum=0&refId=Ce0jLubZ5lJ8lRPYYOUwuQ%3D%3D&trackingId=EADcDe9wcSEom78v6USfQQ%3D%3D
Remote Call Center Representative (Saskatchewan),MCI,"Saskatchewan, Canada",,https://ca.linkedin.com/jobs/view/remote-call-center-representative-saskatchewan-at-mci-4119997409?position=57&pageNum=0&refId=Ce0jLubZ5lJ8lRPYYOUwuQ%3D%3D&trackingId=%2B9X4uCf3o%2BQVaSHeaY5iag%3D%3D
Product Manager (Safety),Cority,Canada,,https://ca.linkedin.com/jobs/view/product-manager-safety-at-cority-4131431907?position=58&pageNum=0&refId=Ce0jLubZ5lJ8lRPYYOUwuQ%3D%3D&trackingId=Eun1l6qPoqK0WaTSJ6tPvA%3D%3D
Remote Customer Service Representative (Saskatchewan),MCI,"Saskatchewan, Canada",,https://ca.linkedin.com/jobs/view/remote-customer-service-representative-saskatchewan-at-mci-4120300165?position=59&pageNum=0&refId=Ce0jLubZ5lJ8lRPYYOUwuQ%3D%3D&trackingId=RSbicCIC88aOaGAdD8nJBA%3D%3D
Yardi Residential Implementer Consultant,Lynx Systems Inc.,Canada,2025-01-23,https://ca.linkedin.com/jobs/view/yardi-residential-implementer-consultant-at-lynx-systems-inc-4133537825?position=1&pageNum=0&refId=4h12hqwEU%2BNjoC7fJUWasA%3D%3D&trackingId=oR6E2IN2cW04%2FqDXnMmcdA%3D%3D
"Senior Manager, Social Emergencies",Canadian Red Cross,Canada,2025-01-23,https://ca.linkedin.com/jobs/view/senior-manager-social-emergencies-at-canadian-red-cross-4040243961?position=2&pageNum=0&refId=4h12hqwEU%2BNjoC7fJUWasA%3D%3D&trackingId=vWETsff%2Bo0bGEd9PNrp2%2BQ%3D%3D
Frontend Developer,Jotform,"Vancouver, British Columbia, Canada",2025-01-23,https://ca.linkedin.com/jobs/view/frontend-developer-at-jotform-4067397775?position=22&pageNum=0&refId=DGoWJLO0kIAeTAfo4zYSrA%3D%3D&trackingId=buO9FO5Wf%2BoyultZ6Ge7BA%3D%3D
Software Development Engineer Intern - Computer Science,Amazon Web Services (AWS),"Vancouver, British Columbia, Canada",2025-01-23,https://ca.linkedin.com/jobs/view/software-development-engineer-intern-computer-science-at-amazon-web-services-aws-4132917297?position=24&pageNum=0&refId=DGoWJLO0kIAeTAfo4zYSrA%3D%3D&trackingId=gfjmwFnWaxU7b6prkjVhTg%3D%3D
Full Stack Developer,Jotform,"Vancouver, British Columbia, Canada",2025-01-23,https://ca.linkedin.com/jobs/view/full-stack-developer-at-jotform-4067800203?position=31&pageNum=0&refId=DGoWJLO0kIAeTAfo4zYSrA%3D%3D&trackingId=%2BBsDg2hDaRnxa8g5rLvgHQ%3D%3D
Full Stack Engineer,MatchBox Consulting Group,"Vancouver, British Columbia, Canada",2025-01-23,https://ca.linkedin.com/jobs/view/full-stack-engineer-at-matchbox-consulting-group-4133543338?position=34&pageNum=0&refId=DGoWJLO0kIAeTAfo4zYSrA%3D%3D&trackingId=nBTCWdWdP6aHFocYJct%2FlQ%3D%3D
"Software Development Engineer, Customer Trust Technologies",Amazon,"Vancouver, British Columbia, Canada",2025-01-23,https://ca.linkedin.com/jobs/view/software-development-engineer-customer-trust-technologies-at-amazon-4132919148?position=36&pageNum=0&refId=DGoWJLO0kIAeTAfo4zYSrA%3D%3D&trackingId=656yiYjWGGbPm2s6JEoxxQ%3D%3D
"Senior Application Security Engineer (Bangkok based, relocation provided)",Agoda,"Vancouver, British Columbia, Canada",2025-01-23,https://ca.linkedin.com/jobs/view/senior-application-security-engineer-bangkok-based-relocation-provided-at-agoda-4133526112?position=47&pageNum=0&refId=DGoWJLO0kIAeTAfo4zYSrA%3D%3D&trackingId=sWs9j57eK%2FW3KJDDyg%2BE3Q%3D%3D
"Senior Software Engineer â€“ Apache Spark Expert (Bangkok based, relocation provided)",Agoda,"Vancouver, British Columbia, Canada",2025-01-23,https://ca.linkedin.com/jobs/view/senior-software-engineer-%E2%80%93-apache-spark-expert-bangkok-based-relocation-provided-at-agoda-4133521696?position=48&pageNum=0&refId=DGoWJLO0kIAeTAfo4zYSrA%3D%3D&trackingId=YEOyR8O9oKM4OKh6tjBlhA%3D%3D
Pessoa Desenvolvedora OutSystems JR,Certsys,Brazil,,https://br.linkedin.com/jobs/view/pessoa-desenvolvedora-outsystems-jr-at-certsys-4131381151?position=1&pageNum=0&refId=ixwH%2B8gtIqGp3U1iSJs9nw%3D%3D&trackingId=GB1mUs3Bz92Zj8NPLKOsGg%3D%3D
Pessoa Desenvolvedora Outsystems PL,Certsys,Brazil,,https://br.linkedin.com/jobs/view/pessoa-desenvolvedora-outsystems-pl-at-certsys-4130732741?position=2&pageNum=0&refId=ixwH%2B8gtIqGp3U1iSJs9nw%3D%3D&trackingId=D78ODQBBe8%2BWAthhQGBp4w%3D%3D
Systems Analyst - Special Project Coordination (Canada Line),AtkinsRÃ©alis,"Richmond, British Columbia, Canada",2025-01-23,https://ca.linkedin.com/jobs/view/systems-analyst-special-project-coordination-canada-line-at-atkinsr%C3%A9alis-4125514386?position=2&pageNum=0&refId=I1w9iKLf8ZZIU2r90Op3TQ%3D%3D&trackingId=GzoS3S9gqAaLikn67btscw%3D%3D
Sr. Storage/Systems Engineer,Intelliswift - An LTTS Company,Canada,,https://ca.linkedin.com/jobs/view/sr-storage-systems-engineer-at-intelliswift-an-ltts-company-4132132253?position=2&pageNum=0&refId=v3STIhafuYZQ4lL0rrv%2BbA%3D%3D&trackingId=Q1auU%2FT1fPOyKWARY4N%2FLw%3D%3D
Python Developer,avua,Canada,2025-01-23,https://ca.linkedin.com/jobs/view/python-developer-at-avua-4132093762?position=1&pageNum=0&refId=o3Rqjn7ooC2H57M%2BCgtifg%3D%3D&trackingId=UCYvrAO29bEaajHFJYmlKQ%3D%3D
Operations Systems Analyst,Zeitview,"Toronto, Ontario, Canada",2025-01-23,https://ca.linkedin.com/jobs/view/operations-systems-analyst-at-zeitview-4133556598?position=2&pageNum=0&refId=l48EiczvX7OBv1ZW0YJ6BA%3D%3D&trackingId=3VewCk%2FkuclToRIdMahWcw%3D%3D
"Software Engineer, Backend - Platform",Coinbase,Canada,2025-01-24,https://ca.linkedin.com/jobs/view/software-engineer-backend-platform-at-coinbase-4133561607?position=5&pageNum=0&refId=lA5v1t8Gvsxoc%2BNac3wNWw%3D%3D&trackingId=8T%2FTwfD2zh6%2Fz%2BrXlod3hQ%3D%3D
Lead Python Developer,Akkodis,Canada,2025-01-24,https://ca.linkedin.com/jobs/view/lead-python-developer-at-akkodis-4133579630?position=6&pageNum=0&refId=lA5v1t8Gvsxoc%2BNac3wNWw%3D%3D&trackingId=o3G%2FNttofJQDDhAVOS5geg%3D%3D
Senior SDET with Python/ Pyspark /AWS S3/Redshift /SQL,Amaze Systems,Canada,2025-01-23,https://ca.linkedin.com/jobs/view/senior-sdet-with-python-pyspark-aws-s3-redshift-sql-at-amaze-systems-4133551897?position=7&pageNum=0&refId=lA5v1t8Gvsxoc%2BNac3wNWw%3D%3D&trackingId=U23IU2bG89ycn7rXzyyFtQ%3D%3D
Senior/Lead Backend Engineer - Canada,Deep Origin,Canada,2025-01-23,https://ca.linkedin.com/jobs/view/senior-lead-backend-engineer-canada-at-deep-origin-4132528448?position=8&pageNum=0&refId=lA5v1t8Gvsxoc%2BNac3wNWw%3D%3D&trackingId=dYO8MkKqU2e39THPKcTMAw%3D%3D
"Software Engineer, Backend (Consumer - Stablecoin)",Coinbase,Canada,2025-01-23,https://ca.linkedin.com/jobs/view/software-engineer-backend-consumer-stablecoin-at-coinbase-4132941823?position=9&pageNum=0&refId=lA5v1t8Gvsxoc%2BNac3wNWw%3D%3D&trackingId=RL0jWJvq60wytTaDGX%2FrAA%3D%3D
Backend Product Software Engineer,Dropbox,Canada,2025-01-23,https://ca.linkedin.com/jobs/view/backend-product-software-engineer-at-dropbox-4132553924?position=11&pageNum=0&refId=lA5v1t8Gvsxoc%2BNac3wNWw%3D%3D&trackingId=92reo4oTmEZvpO2z0EuRjA%3D%3D
DÃ©veloppeur Full-Stack Applicatif (Java/Python),Equisoft,"MontrÃ©al-Ouest, Quebec, Canada",2025-01-23,https://ca.linkedin.com/jobs/view/d%C3%A9veloppeur-full-stack-applicatif-java-python-at-equisoft-4047998626?position=20&pageNum=0&refId=lA5v1t8Gvsxoc%2BNac3wNWw%3D%3D&trackingId=HXgjd7VoQ2fYHt%2Fu6PTRUQ%3D%3D
"Senior Software Engineer, Backend (Consumer - Stablecoin)",Coinbase,Canada,2025-01-23,https://ca.linkedin.com/jobs/view/senior-software-engineer-backend-consumer-stablecoin-at-coinbase-4132946494?position=22&pageNum=0&refId=lA5v1t8Gvsxoc%2BNac3wNWw%3D%3D&trackingId=RvehUFPzWDwoBFCQlqJBgQ%3D%3D
Senior Backend Engineer - Cards Experience,Mercury,Canada,2025-01-23,https://ca.linkedin.com/jobs/view/senior-backend-engineer-cards-experience-at-mercury-4133294126?position=30&pageNum=0&refId=lA5v1t8Gvsxoc%2BNac3wNWw%3D%3D&trackingId=s%2FQhZDcYgwQ%2FnnSCHmBeVA%3D%3D
"Director, Deal Desk","Docker, Inc",Canada,2025-01-24,https://ca.linkedin.com/jobs/view/director-deal-desk-at-docker-inc-4080356656?position=3&pageNum=0&refId=lUnhRCdklmiQOXTa1QqC3Q%3D%3D&trackingId=bRxTtKaffU3kMqb%2F5Aj1KA%3D%3D
Staff Backend Engineer,"Docker, Inc",Canada,2025-01-24,https://ca.linkedin.com/jobs/view/staff-backend-engineer-at-docker-inc-4131789645?position=11&pageNum=0&refId=%2B0pZAA8ATYSHJzUpvRI9Vw%3D%3D&trackingId=5h6w8ujx7Gb9YEHHgEWXhQ%3D%3D
Senior Backend Engineer - Cards Experience,Mercury,Canada,,https://ca.linkedin.com/jobs/view/senior-backend-engineer-cards-experience-at-mercury-4133294126?position=17&pageNum=0&refId=%2B0pZAA8ATYSHJzUpvRI9Vw%3D%3D&trackingId=t6GZ%2BUWqxUGG8zG6ZCUNKQ%3D%3D
Sr. Azure Cloud Support Engineer,KochaSoft,Canada,2025-01-24,https://ca.linkedin.com/jobs/view/sr-azure-cloud-support-engineer-at-kochasoft-4133599032?position=13&pageNum=0&refId=9efKj8L41ARPm0N9Vno2Ww%3D%3D&trackingId=wzDVxEdhEA73CbjRS%2FwB7g%3D%3D
